Handle,Title,Title Combined,Image Src,Image Position,Image Alt Text
,,,,,
,,,,,
,,,,,
8717344310581,Animal Upon Animal: Small And Yet Great,AbaloneClassic,https://github.com/unclesgames/images/blob/master/AbaloneClassic02.png?raw=true,2,
4010168056456,Anomia Card Game,AnimalUponAnimalSmallAndYetGreat,https://github.com/unclesgames/images/blob/master/AnimalUponAnimalSmallAndYetGreat02.png?raw=true,2,
798304062885,Arboretum Second Edition,AnomiaCardGame,https://github.com/unclesgames/images/blob/master/AnomiaCardGame02.png?raw=true,2,
,,,,,
,,,,,
27084810516,Beagle Or Bagel?,Balderdash,https://github.com/unclesgames/images/blob/master/Balderdash02.png?raw=true,2,
803979073019,Betrayal At House On Hill Rev,BeagleOrBagel?,https://github.com/unclesgames/images/blob/master/BeagleOrBagel?02.png?raw=true,2,